"run_id","task_id","task_number","condition","version","include_in_analysis","replacement_of","results_dir","artifacts_dir","final_diff_path","ai_snapshot_diff_path","codeql_sarif","semgrep_json","semgrep_sarif","spotbugs_xml","gitleaks_sarif","gitleaks_output","depcheck_json","tests_txt","tests_xml","pr_number","scaffold_ref","ai_snapshot_ref","final_ref","notes"
"task-1-high-ai","T1","1","high-ai","1","true","","D:\FHTW\MSC\Masterarbeit\POC\thesis-project\results\task-1-high-ai","D:\FHTW\MSC\Masterarbeit\POC\thesis-project\results\task-1-high-ai\artifacts","D:\FHTW\MSC\Masterarbeit\POC\thesis-project\results\task-1-high-ai\final.diff","","D:\FHTW\MSC\Masterarbeit\POC\thesis-project\results\task-1-high-ai\artifacts\java.sarif","D:\FHTW\MSC\Masterarbeit\POC\thesis-project\results\task-1-high-ai\artifacts\semgrep-results.json","D:\FHTW\MSC\Masterarbeit\POC\thesis-project\results\task-1-high-ai\artifacts\semgrep-results.sarif","D:\FHTW\MSC\Masterarbeit\POC\thesis-project\results\task-1-high-ai\artifacts\spotbugs.xml","D:\FHTW\MSC\Masterarbeit\POC\thesis-project\results\task-1-high-ai\artifacts\gitleaks-results.sarif","D:\FHTW\MSC\Masterarbeit\POC\thesis-project\results\task-1-high-ai\artifacts\gitleaks-output.txt","","D:\FHTW\MSC\Masterarbeit\POC\thesis-project\results\task-1-high-ai\artifacts\com.thesis.securitystudy.SecurityStudyApplicationTests.txt","D:\FHTW\MSC\Masterarbeit\POC\thesis-project\results\task-1-high-ai\artifacts\TEST-com.thesis.securitystudy.SecurityStudyApplicationTests.xml","24","cd82e6be9a93a4af49dd6819948d465e6982a687","9585a7081d7ec4f4658b322a82b2c67c48cb1643","9585a7081d7ec4f4658b322a82b2c67c48cb1643",""
"task-1-human-only","T1","1","human-only","1","false","","D:\FHTW\MSC\Masterarbeit\POC\thesis-project\results\task-1-human-only","D:\FHTW\MSC\Masterarbeit\POC\thesis-project\results\task-1-human-only\artifacts","D:\FHTW\MSC\Masterarbeit\POC\thesis-project\results\task-1-human-only\final.diff","","D:\FHTW\MSC\Masterarbeit\POC\thesis-project\results\task-1-human-only\artifacts\java.sarif","D:\FHTW\MSC\Masterarbeit\POC\thesis-project\results\task-1-human-only\artifacts\semgrep-results.json","D:\FHTW\MSC\Masterarbeit\POC\thesis-project\results\task-1-human-only\artifacts\semgrep-results.sarif","D:\FHTW\MSC\Masterarbeit\POC\thesis-project\results\task-1-human-only\artifacts\spotbugs.xml","D:\FHTW\MSC\Masterarbeit\POC\thesis-project\results\task-1-human-only\artifacts\gitleaks-results.sarif","D:\FHTW\MSC\Masterarbeit\POC\thesis-project\results\task-1-human-only\artifacts\gitleaks-output.txt","","D:\FHTW\MSC\Masterarbeit\POC\thesis-project\results\task-1-human-only\artifacts\com.thesis.securitystudy.SecurityStudyApplicationTests.txt","D:\FHTW\MSC\Masterarbeit\POC\thesis-project\results\task-1-human-only\artifacts\TEST-com.thesis.securitystudy.SecurityStudyApplicationTests.xml","19","cd82e6be9a93a4af49dd6819948d465e6982a687","","2fcebe4afec09a111964ddfe771211a5a53438a5",""
"task-1-human-only-v2","T1","1","human-only","2","true","task-1-human-only","D:\FHTW\MSC\Masterarbeit\POC\thesis-project\results\task-1-human-only-v2","D:\FHTW\MSC\Masterarbeit\POC\thesis-project\results\task-1-human-only-v2\artifacts","D:\FHTW\MSC\Masterarbeit\POC\thesis-project\results\task-1-human-only-v2\final.diff","","D:\FHTW\MSC\Masterarbeit\POC\thesis-project\results\task-1-human-only-v2\artifacts\java.sarif","D:\FHTW\MSC\Masterarbeit\POC\thesis-project\results\task-1-human-only-v2\artifacts\semgrep-results.json","D:\FHTW\MSC\Masterarbeit\POC\thesis-project\results\task-1-human-only-v2\artifacts\semgrep-results.sarif","D:\FHTW\MSC\Masterarbeit\POC\thesis-project\results\task-1-human-only-v2\artifacts\spotbugs.xml","D:\FHTW\MSC\Masterarbeit\POC\thesis-project\results\task-1-human-only-v2\artifacts\gitleaks-results.sarif","D:\FHTW\MSC\Masterarbeit\POC\thesis-project\results\task-1-human-only-v2\artifacts\gitleaks-output.txt","","D:\FHTW\MSC\Masterarbeit\POC\thesis-project\results\task-1-human-only-v2\artifacts\com.thesis.securitystudy.SecurityStudyApplicationTests.txt","D:\FHTW\MSC\Masterarbeit\POC\thesis-project\results\task-1-human-only-v2\artifacts\TEST-com.thesis.securitystudy.SecurityStudyApplicationTests.xml","37","cd82e6be9a93a4af49dd6819948d465e6982a687","","3e276887f02ffed3b27db4cd96ae5c2aa0e8120a",""
"task-1-low-ai","T1","1","low-ai","1","true","","D:\FHTW\MSC\Masterarbeit\POC\thesis-project\results\task-1-low-ai","D:\FHTW\MSC\Masterarbeit\POC\thesis-project\results\task-1-low-ai\artifacts","D:\FHTW\MSC\Masterarbeit\POC\thesis-project\results\task-1-low-ai\final.diff","","D:\FHTW\MSC\Masterarbeit\POC\thesis-project\results\task-1-low-ai\artifacts\java.sarif","D:\FHTW\MSC\Masterarbeit\POC\thesis-project\results\task-1-low-ai\artifacts\semgrep-results.json","D:\FHTW\MSC\Masterarbeit\POC\thesis-project\results\task-1-low-ai\artifacts\semgrep-results.sarif","D:\FHTW\MSC\Masterarbeit\POC\thesis-project\results\task-1-low-ai\artifacts\spotbugs.xml","D:\FHTW\MSC\Masterarbeit\POC\thesis-project\results\task-1-low-ai\artifacts\gitleaks-results.sarif","D:\FHTW\MSC\Masterarbeit\POC\thesis-project\results\task-1-low-ai\artifacts\gitleaks-output.txt","","D:\FHTW\MSC\Masterarbeit\POC\thesis-project\results\task-1-low-ai\artifacts\com.thesis.securitystudy.SecurityStudyApplicationTests.txt","D:\FHTW\MSC\Masterarbeit\POC\thesis-project\results\task-1-low-ai\artifacts\TEST-com.thesis.securitystudy.SecurityStudyApplicationTests.xml","32","cd82e6be9a93a4af49dd6819948d465e6982a687","49a4246f46423080c2194a97666fd335dc6b04fc","d77291fc378c6d01b19546578b8af6f629323162",""
"task-2-high-ai","T2","2","high-ai","1","true","","D:\FHTW\MSC\Masterarbeit\POC\thesis-project\results\task-2-high-ai","D:\FHTW\MSC\Masterarbeit\POC\thesis-project\results\task-2-high-ai\artifacts","D:\FHTW\MSC\Masterarbeit\POC\thesis-project\results\task-2-high-ai\final.diff","","D:\FHTW\MSC\Masterarbeit\POC\thesis-project\results\task-2-high-ai\artifacts\java.sarif","D:\FHTW\MSC\Masterarbeit\POC\thesis-project\results\task-2-high-ai\artifacts\semgrep-results.json","D:\FHTW\MSC\Masterarbeit\POC\thesis-project\results\task-2-high-ai\artifacts\semgrep-results.sarif","D:\FHTW\MSC\Masterarbeit\POC\thesis-project\results\task-2-high-ai\artifacts\spotbugs.xml","D:\FHTW\MSC\Masterarbeit\POC\thesis-project\results\task-2-high-ai\artifacts\gitleaks-results.sarif","D:\FHTW\MSC\Masterarbeit\POC\thesis-project\results\task-2-high-ai\artifacts\gitleaks-output.txt","","D:\FHTW\MSC\Masterarbeit\POC\thesis-project\results\task-2-high-ai\artifacts\com.thesis.securitystudy.SecurityStudyApplicationTests.txt","D:\FHTW\MSC\Masterarbeit\POC\thesis-project\results\task-2-high-ai\artifacts\TEST-com.thesis.securitystudy.SecurityStudyApplicationTests.xml","21","cd82e6be9a93a4af49dd6819948d465e6982a687","028db390b37f4fd1d39d8451eccadac4023c24f7","028db390b37f4fd1d39d8451eccadac4023c24f7",""
"task-2-human-only","T2","2","human-only","1","true","","D:\FHTW\MSC\Masterarbeit\POC\thesis-project\results\task-2-human-only","D:\FHTW\MSC\Masterarbeit\POC\thesis-project\results\task-2-human-only\artifacts","D:\FHTW\MSC\Masterarbeit\POC\thesis-project\results\task-2-human-only\final.diff","","D:\FHTW\MSC\Masterarbeit\POC\thesis-project\results\task-2-human-only\artifacts\java.sarif","D:\FHTW\MSC\Masterarbeit\POC\thesis-project\results\task-2-human-only\artifacts\semgrep-results.json","D:\FHTW\MSC\Masterarbeit\POC\thesis-project\results\task-2-human-only\artifacts\semgrep-results.sarif","D:\FHTW\MSC\Masterarbeit\POC\thesis-project\results\task-2-human-only\artifacts\spotbugs.xml","D:\FHTW\MSC\Masterarbeit\POC\thesis-project\results\task-2-human-only\artifacts\gitleaks-results.sarif","D:\FHTW\MSC\Masterarbeit\POC\thesis-project\results\task-2-human-only\artifacts\gitleaks-output.txt","","D:\FHTW\MSC\Masterarbeit\POC\thesis-project\results\task-2-human-only\artifacts\com.thesis.securitystudy.SecurityStudyApplicationTests.txt","D:\FHTW\MSC\Masterarbeit\POC\thesis-project\results\task-2-human-only\artifacts\TEST-com.thesis.securitystudy.SecurityStudyApplicationTests.xml","29","cd82e6be9a93a4af49dd6819948d465e6982a687","","b3c916d13b501bf7c6a39ee016848f5b541ab2d4",""
"task-2-low-ai","T2","2","low-ai","1","true","","D:\FHTW\MSC\Masterarbeit\POC\thesis-project\results\task-2-low-ai","D:\FHTW\MSC\Masterarbeit\POC\thesis-project\results\task-2-low-ai\artifacts","D:\FHTW\MSC\Masterarbeit\POC\thesis-project\results\task-2-low-ai\final.diff","","D:\FHTW\MSC\Masterarbeit\POC\thesis-project\results\task-2-low-ai\artifacts\java.sarif","D:\FHTW\MSC\Masterarbeit\POC\thesis-project\results\task-2-low-ai\artifacts\semgrep-results.json","D:\FHTW\MSC\Masterarbeit\POC\thesis-project\results\task-2-low-ai\artifacts\semgrep-results.sarif","D:\FHTW\MSC\Masterarbeit\POC\thesis-project\results\task-2-low-ai\artifacts\spotbugs.xml","D:\FHTW\MSC\Masterarbeit\POC\thesis-project\results\task-2-low-ai\artifacts\gitleaks-results.sarif","D:\FHTW\MSC\Masterarbeit\POC\thesis-project\results\task-2-low-ai\artifacts\gitleaks-output.txt","","D:\FHTW\MSC\Masterarbeit\POC\thesis-project\results\task-2-low-ai\artifacts\com.thesis.securitystudy.SecurityStudyApplicationTests.txt","D:\FHTW\MSC\Masterarbeit\POC\thesis-project\results\task-2-low-ai\artifacts\TEST-com.thesis.securitystudy.SecurityStudyApplicationTests.xml","36","cd82e6be9a93a4af49dd6819948d465e6982a687","d7080c9769def4a065bbace7fbc5256a4be59a7d","854c25b1a45034d915d753bdb58ac7cdb98f274f",""
"task-3-high-ai","T3","3","high-ai","1","true","","D:\FHTW\MSC\Masterarbeit\POC\thesis-project\results\task-3-high-ai","D:\FHTW\MSC\Masterarbeit\POC\thesis-project\results\task-3-high-ai\artifacts","D:\FHTW\MSC\Masterarbeit\POC\thesis-project\results\task-3-high-ai\final.diff","","D:\FHTW\MSC\Masterarbeit\POC\thesis-project\results\task-3-high-ai\artifacts\java.sarif","D:\FHTW\MSC\Masterarbeit\POC\thesis-project\results\task-3-high-ai\artifacts\semgrep-results.json","D:\FHTW\MSC\Masterarbeit\POC\thesis-project\results\task-3-high-ai\artifacts\semgrep-results.sarif","D:\FHTW\MSC\Masterarbeit\POC\thesis-project\results\task-3-high-ai\artifacts\spotbugs.xml","D:\FHTW\MSC\Masterarbeit\POC\thesis-project\results\task-3-high-ai\artifacts\gitleaks-results.sarif","D:\FHTW\MSC\Masterarbeit\POC\thesis-project\results\task-3-high-ai\artifacts\gitleaks-output.txt","","D:\FHTW\MSC\Masterarbeit\POC\thesis-project\results\task-3-high-ai\artifacts\com.thesis.securitystudy.SecurityStudyApplicationTests.txt","D:\FHTW\MSC\Masterarbeit\POC\thesis-project\results\task-3-high-ai\artifacts\TEST-com.thesis.securitystudy.SecurityStudyApplicationTests.xml","31","cd82e6be9a93a4af49dd6819948d465e6982a687","449f78915547568b5e4a86c61993a0973fa96196","449f78915547568b5e4a86c61993a0973fa96196",""
"task-3-human-only","T3","3","human-only","1","true","","D:\FHTW\MSC\Masterarbeit\POC\thesis-project\results\task-3-human-only","D:\FHTW\MSC\Masterarbeit\POC\thesis-project\results\task-3-human-only\artifacts","D:\FHTW\MSC\Masterarbeit\POC\thesis-project\results\task-3-human-only\final.diff","","D:\FHTW\MSC\Masterarbeit\POC\thesis-project\results\task-3-human-only\artifacts\java.sarif","D:\FHTW\MSC\Masterarbeit\POC\thesis-project\results\task-3-human-only\artifacts\semgrep-results.json","D:\FHTW\MSC\Masterarbeit\POC\thesis-project\results\task-3-human-only\artifacts\semgrep-results.sarif","D:\FHTW\MSC\Masterarbeit\POC\thesis-project\results\task-3-human-only\artifacts\spotbugs.xml","D:\FHTW\MSC\Masterarbeit\POC\thesis-project\results\task-3-human-only\artifacts\gitleaks-results.sarif","D:\FHTW\MSC\Masterarbeit\POC\thesis-project\results\task-3-human-only\artifacts\gitleaks-output.txt","","D:\FHTW\MSC\Masterarbeit\POC\thesis-project\results\task-3-human-only\artifacts\com.thesis.securitystudy.SecurityStudyApplicationTests.txt","D:\FHTW\MSC\Masterarbeit\POC\thesis-project\results\task-3-human-only\artifacts\TEST-com.thesis.securitystudy.SecurityStudyApplicationTests.xml","22","cd82e6be9a93a4af49dd6819948d465e6982a687","","a9ef7ba053bbe445b1144ad0a59170449f76f844",""
"task-3-low-ai","T3","3","low-ai","1","true","","D:\FHTW\MSC\Masterarbeit\POC\thesis-project\results\task-3-low-ai","D:\FHTW\MSC\Masterarbeit\POC\thesis-project\results\task-3-low-ai\artifacts","D:\FHTW\MSC\Masterarbeit\POC\thesis-project\results\task-3-low-ai\final.diff","","D:\FHTW\MSC\Masterarbeit\POC\thesis-project\results\task-3-low-ai\artifacts\java.sarif","D:\FHTW\MSC\Masterarbeit\POC\thesis-project\results\task-3-low-ai\artifacts\semgrep-results.json","D:\FHTW\MSC\Masterarbeit\POC\thesis-project\results\task-3-low-ai\artifacts\semgrep-results.sarif","D:\FHTW\MSC\Masterarbeit\POC\thesis-project\results\task-3-low-ai\artifacts\spotbugs.xml","D:\FHTW\MSC\Masterarbeit\POC\thesis-project\results\task-3-low-ai\artifacts\gitleaks-results.sarif","D:\FHTW\MSC\Masterarbeit\POC\thesis-project\results\task-3-low-ai\artifacts\gitleaks-output.txt","","D:\FHTW\MSC\Masterarbeit\POC\thesis-project\results\task-3-low-ai\artifacts\com.thesis.securitystudy.SecurityStudyApplicationTests.txt","D:\FHTW\MSC\Masterarbeit\POC\thesis-project\results\task-3-low-ai\artifacts\TEST-com.thesis.securitystudy.SecurityStudyApplicationTests.xml","26","cd82e6be9a93a4af49dd6819948d465e6982a687","3a62cd0d1780856e68ac8c9484c5bb5fe84427ab","d91c369a3080c094146d587f9032c1813a4b00a2",""
"task-4-high-ai","T4","4","high-ai","1","true","","D:\FHTW\MSC\Masterarbeit\POC\thesis-project\results\task-4-high-ai","D:\FHTW\MSC\Masterarbeit\POC\thesis-project\results\task-4-high-ai\artifacts","D:\FHTW\MSC\Masterarbeit\POC\thesis-project\results\task-4-high-ai\final.diff","","D:\FHTW\MSC\Masterarbeit\POC\thesis-project\results\task-4-high-ai\artifacts\java.sarif","D:\FHTW\MSC\Masterarbeit\POC\thesis-project\results\task-4-high-ai\artifacts\semgrep-results.json","D:\FHTW\MSC\Masterarbeit\POC\thesis-project\results\task-4-high-ai\artifacts\semgrep-results.sarif","D:\FHTW\MSC\Masterarbeit\POC\thesis-project\results\task-4-high-ai\artifacts\spotbugs.xml","D:\FHTW\MSC\Masterarbeit\POC\thesis-project\results\task-4-high-ai\artifacts\gitleaks-results.sarif","D:\FHTW\MSC\Masterarbeit\POC\thesis-project\results\task-4-high-ai\artifacts\gitleaks-output.txt","","D:\FHTW\MSC\Masterarbeit\POC\thesis-project\results\task-4-high-ai\artifacts\com.thesis.securitystudy.SecurityStudyApplicationTests.txt","D:\FHTW\MSC\Masterarbeit\POC\thesis-project\results\task-4-high-ai\artifacts\TEST-com.thesis.securitystudy.SecurityStudyApplicationTests.xml","28","cd82e6be9a93a4af49dd6819948d465e6982a687","b71cce99cb0f38184f07ab4d62f5798c94458a4b","b71cce99cb0f38184f07ab4d62f5798c94458a4b",""
"task-4-human-only","T4","4","human-only","1","true","","D:\FHTW\MSC\Masterarbeit\POC\thesis-project\results\task-4-human-only","D:\FHTW\MSC\Masterarbeit\POC\thesis-project\results\task-4-human-only\artifacts","D:\FHTW\MSC\Masterarbeit\POC\thesis-project\results\task-4-human-only\final.diff","","D:\FHTW\MSC\Masterarbeit\POC\thesis-project\results\task-4-human-only\artifacts\java.sarif","D:\FHTW\MSC\Masterarbeit\POC\thesis-project\results\task-4-human-only\artifacts\semgrep-results.json","D:\FHTW\MSC\Masterarbeit\POC\thesis-project\results\task-4-human-only\artifacts\semgrep-results.sarif","D:\FHTW\MSC\Masterarbeit\POC\thesis-project\results\task-4-human-only\artifacts\spotbugs.xml","D:\FHTW\MSC\Masterarbeit\POC\thesis-project\results\task-4-human-only\artifacts\gitleaks-results.sarif","D:\FHTW\MSC\Masterarbeit\POC\thesis-project\results\task-4-human-only\artifacts\gitleaks-output.txt","","D:\FHTW\MSC\Masterarbeit\POC\thesis-project\results\task-4-human-only\artifacts\com.thesis.securitystudy.SecurityStudyApplicationTests.txt","D:\FHTW\MSC\Masterarbeit\POC\thesis-project\results\task-4-human-only\artifacts\TEST-com.thesis.securitystudy.SecurityStudyApplicationTests.xml","33","cd82e6be9a93a4af49dd6819948d465e6982a687","","012232e42dc03c217bf36638d3fa52b6734c98dc",""
"task-4-low-ai","T4","4","low-ai","1","true","","D:\FHTW\MSC\Masterarbeit\POC\thesis-project\results\task-4-low-ai","D:\FHTW\MSC\Masterarbeit\POC\thesis-project\results\task-4-low-ai\artifacts","D:\FHTW\MSC\Masterarbeit\POC\thesis-project\results\task-4-low-ai\final.diff","","D:\FHTW\MSC\Masterarbeit\POC\thesis-project\results\task-4-low-ai\artifacts\java.sarif","D:\FHTW\MSC\Masterarbeit\POC\thesis-project\results\task-4-low-ai\artifacts\semgrep-results.json","D:\FHTW\MSC\Masterarbeit\POC\thesis-project\results\task-4-low-ai\artifacts\semgrep-results.sarif","D:\FHTW\MSC\Masterarbeit\POC\thesis-project\results\task-4-low-ai\artifacts\spotbugs.xml","D:\FHTW\MSC\Masterarbeit\POC\thesis-project\results\task-4-low-ai\artifacts\gitleaks-results.sarif","D:\FHTW\MSC\Masterarbeit\POC\thesis-project\results\task-4-low-ai\artifacts\gitleaks-output.txt","","D:\FHTW\MSC\Masterarbeit\POC\thesis-project\results\task-4-low-ai\artifacts\com.thesis.securitystudy.SecurityStudyApplicationTests.txt","D:\FHTW\MSC\Masterarbeit\POC\thesis-project\results\task-4-low-ai\artifacts\TEST-com.thesis.securitystudy.SecurityStudyApplicationTests.xml","30","cd82e6be9a93a4af49dd6819948d465e6982a687","fbfff7ff4b7ecb2f489c1dc0a27c0963b6c76530","80989dc0dbc650a31f71f8c93ec6220d6295faa1",""
"task-5-high-ai","T5","5","high-ai","1","true","","D:\FHTW\MSC\Masterarbeit\POC\thesis-project\results\task-5-high-ai","D:\FHTW\MSC\Masterarbeit\POC\thesis-project\results\task-5-high-ai\artifacts","D:\FHTW\MSC\Masterarbeit\POC\thesis-project\results\task-5-high-ai\final.diff","","D:\FHTW\MSC\Masterarbeit\POC\thesis-project\results\task-5-high-ai\artifacts\java.sarif","D:\FHTW\MSC\Masterarbeit\POC\thesis-project\results\task-5-high-ai\artifacts\semgrep-results.json","D:\FHTW\MSC\Masterarbeit\POC\thesis-project\results\task-5-high-ai\artifacts\semgrep-results.sarif","D:\FHTW\MSC\Masterarbeit\POC\thesis-project\results\task-5-high-ai\artifacts\spotbugs.xml","D:\FHTW\MSC\Masterarbeit\POC\thesis-project\results\task-5-high-ai\artifacts\gitleaks-results.sarif","D:\FHTW\MSC\Masterarbeit\POC\thesis-project\results\task-5-high-ai\artifacts\gitleaks-output.txt","","D:\FHTW\MSC\Masterarbeit\POC\thesis-project\results\task-5-high-ai\artifacts\com.thesis.securitystudy.SecurityStudyApplicationTests.txt","D:\FHTW\MSC\Masterarbeit\POC\thesis-project\results\task-5-high-ai\artifacts\TEST-com.thesis.securitystudy.SecurityStudyApplicationTests.xml","18","cd82e6be9a93a4af49dd6819948d465e6982a687","f1aeb275d5e62a47a31cc69807c1105ec726ceda","f1aeb275d5e62a47a31cc69807c1105ec726ceda",""
"task-5-human-only","T5","5","human-only","1","true","","D:\FHTW\MSC\Masterarbeit\POC\thesis-project\results\task-5-human-only","D:\FHTW\MSC\Masterarbeit\POC\thesis-project\results\task-5-human-only\artifacts","D:\FHTW\MSC\Masterarbeit\POC\thesis-project\results\task-5-human-only\final.diff","","D:\FHTW\MSC\Masterarbeit\POC\thesis-project\results\task-5-human-only\artifacts\java.sarif","D:\FHTW\MSC\Masterarbeit\POC\thesis-project\results\task-5-human-only\artifacts\semgrep-results.json","D:\FHTW\MSC\Masterarbeit\POC\thesis-project\results\task-5-human-only\artifacts\semgrep-results.sarif","D:\FHTW\MSC\Masterarbeit\POC\thesis-project\results\task-5-human-only\artifacts\spotbugs.xml","D:\FHTW\MSC\Masterarbeit\POC\thesis-project\results\task-5-human-only\artifacts\gitleaks-results.sarif","D:\FHTW\MSC\Masterarbeit\POC\thesis-project\results\task-5-human-only\artifacts\gitleaks-output.txt","","D:\FHTW\MSC\Masterarbeit\POC\thesis-project\results\task-5-human-only\artifacts\com.thesis.securitystudy.SecurityStudyApplicationTests.txt","D:\FHTW\MSC\Masterarbeit\POC\thesis-project\results\task-5-human-only\artifacts\TEST-com.thesis.securitystudy.SecurityStudyApplicationTests.xml","25","cd82e6be9a93a4af49dd6819948d465e6982a687","","4716ba8e7ecfedc5627d3fbd13135761f6ad972d",""
"task-5-low-ai","T5","5","low-ai","1","true","","D:\FHTW\MSC\Masterarbeit\POC\thesis-project\results\task-5-low-ai","D:\FHTW\MSC\Masterarbeit\POC\thesis-project\results\task-5-low-ai\artifacts","D:\FHTW\MSC\Masterarbeit\POC\thesis-project\results\task-5-low-ai\final.diff","","D:\FHTW\MSC\Masterarbeit\POC\thesis-project\results\task-5-low-ai\artifacts\java.sarif","D:\FHTW\MSC\Masterarbeit\POC\thesis-project\results\task-5-low-ai\artifacts\semgrep-results.json","D:\FHTW\MSC\Masterarbeit\POC\thesis-project\results\task-5-low-ai\artifacts\semgrep-results.sarif","D:\FHTW\MSC\Masterarbeit\POC\thesis-project\results\task-5-low-ai\artifacts\spotbugs.xml","D:\FHTW\MSC\Masterarbeit\POC\thesis-project\results\task-5-low-ai\artifacts\gitleaks-results.sarif","D:\FHTW\MSC\Masterarbeit\POC\thesis-project\results\task-5-low-ai\artifacts\gitleaks-output.txt","","D:\FHTW\MSC\Masterarbeit\POC\thesis-project\results\task-5-low-ai\artifacts\com.thesis.securitystudy.SecurityStudyApplicationTests.txt","D:\FHTW\MSC\Masterarbeit\POC\thesis-project\results\task-5-low-ai\artifacts\TEST-com.thesis.securitystudy.SecurityStudyApplicationTests.xml","23","cd82e6be9a93a4af49dd6819948d465e6982a687","ee4d46f833dca4a6cac4022ea62e0afd0579ef38","1c6b766aa766917ac6107a3a8b92e1b0d9a9b8b5",""
"task-6-high-ai","T6","6","high-ai","1","true","","D:\FHTW\MSC\Masterarbeit\POC\thesis-project\results\task-6-high-ai","D:\FHTW\MSC\Masterarbeit\POC\thesis-project\results\task-6-high-ai\artifacts","D:\FHTW\MSC\Masterarbeit\POC\thesis-project\results\task-6-high-ai\final.diff","","D:\FHTW\MSC\Masterarbeit\POC\thesis-project\results\task-6-high-ai\artifacts\java.sarif","D:\FHTW\MSC\Masterarbeit\POC\thesis-project\results\task-6-high-ai\artifacts\semgrep-results.json","D:\FHTW\MSC\Masterarbeit\POC\thesis-project\results\task-6-high-ai\artifacts\semgrep-results.sarif","D:\FHTW\MSC\Masterarbeit\POC\thesis-project\results\task-6-high-ai\artifacts\spotbugs.xml","D:\FHTW\MSC\Masterarbeit\POC\thesis-project\results\task-6-high-ai\artifacts\gitleaks-results.sarif","D:\FHTW\MSC\Masterarbeit\POC\thesis-project\results\task-6-high-ai\artifacts\gitleaks-output.txt","","D:\FHTW\MSC\Masterarbeit\POC\thesis-project\results\task-6-high-ai\artifacts\com.thesis.securitystudy.SecurityStudyApplicationTests.txt","D:\FHTW\MSC\Masterarbeit\POC\thesis-project\results\task-6-high-ai\artifacts\TEST-com.thesis.securitystudy.SecurityStudyApplicationTests.xml","27","cd82e6be9a93a4af49dd6819948d465e6982a687","9dd9ba01b29d8b5cb1bcfceed881b78b9d7e3ed6","9dd9ba01b29d8b5cb1bcfceed881b78b9d7e3ed6",""
"task-6-human-only","T6","6","human-only","1","true","","D:\FHTW\MSC\Masterarbeit\POC\thesis-project\results\task-6-human-only","D:\FHTW\MSC\Masterarbeit\POC\thesis-project\results\task-6-human-only\artifacts","D:\FHTW\MSC\Masterarbeit\POC\thesis-project\results\task-6-human-only\final.diff","","D:\FHTW\MSC\Masterarbeit\POC\thesis-project\results\task-6-human-only\artifacts\java.sarif","D:\FHTW\MSC\Masterarbeit\POC\thesis-project\results\task-6-human-only\artifacts\semgrep-results.json","D:\FHTW\MSC\Masterarbeit\POC\thesis-project\results\task-6-human-only\artifacts\semgrep-results.sarif","D:\FHTW\MSC\Masterarbeit\POC\thesis-project\results\task-6-human-only\artifacts\spotbugs.xml","D:\FHTW\MSC\Masterarbeit\POC\thesis-project\results\task-6-human-only\artifacts\gitleaks-results.sarif","D:\FHTW\MSC\Masterarbeit\POC\thesis-project\results\task-6-human-only\artifacts\gitleaks-output.txt","","D:\FHTW\MSC\Masterarbeit\POC\thesis-project\results\task-6-human-only\artifacts\com.thesis.securitystudy.SecurityStudyApplicationTests.txt","D:\FHTW\MSC\Masterarbeit\POC\thesis-project\results\task-6-human-only\artifacts\TEST-com.thesis.securitystudy.SecurityStudyApplicationTests.xml","35","cd82e6be9a93a4af49dd6819948d465e6982a687","","18144836f39d77ee9cd22d428f00e4f95194af01",""
"task-6-low-ai","T6","6","low-ai","1","true","","D:\FHTW\MSC\Masterarbeit\POC\thesis-project\results\task-6-low-ai","D:\FHTW\MSC\Masterarbeit\POC\thesis-project\results\task-6-low-ai\artifacts","D:\FHTW\MSC\Masterarbeit\POC\thesis-project\results\task-6-low-ai\final.diff","","D:\FHTW\MSC\Masterarbeit\POC\thesis-project\results\task-6-low-ai\artifacts\java.sarif","D:\FHTW\MSC\Masterarbeit\POC\thesis-project\results\task-6-low-ai\artifacts\semgrep-results.json","D:\FHTW\MSC\Masterarbeit\POC\thesis-project\results\task-6-low-ai\artifacts\semgrep-results.sarif","D:\FHTW\MSC\Masterarbeit\POC\thesis-project\results\task-6-low-ai\artifacts\spotbugs.xml","D:\FHTW\MSC\Masterarbeit\POC\thesis-project\results\task-6-low-ai\artifacts\gitleaks-results.sarif","D:\FHTW\MSC\Masterarbeit\POC\thesis-project\results\task-6-low-ai\artifacts\gitleaks-output.txt","","D:\FHTW\MSC\Masterarbeit\POC\thesis-project\results\task-6-low-ai\artifacts\com.thesis.securitystudy.SecurityStudyApplicationTests.txt","D:\FHTW\MSC\Masterarbeit\POC\thesis-project\results\task-6-low-ai\artifacts\TEST-com.thesis.securitystudy.SecurityStudyApplicationTests.xml","20","cd82e6be9a93a4af49dd6819948d465e6982a687","8ff644449643394d2e70b92f39376b95905e6b5f","107d6746c890313c40913ae755a2b2b7a71cceac",""
