run_id,task_id,task_number,condition,version,include_in_analysis,replacement_of,results_dir,artifacts_dir,final_diff_path,ai_snapshot_diff_path,codeql_sarif,semgrep_json,semgrep_sarif,spotbugs_xml,gitleaks_sarif,gitleaks_output,depcheck_json,tests_txt,tests_xml,pr_number,scaffold_ref,ai_snapshot_ref,final_ref,notes,pr_number_metrics,task_id_metrics,condition_metrics,version_metrics,include_in_analysis_metrics,pr_title,additions,deletions,changed_files,baseline_found,baseline_pass,baseline_conclusion,baseline_run_id,baseline_run_attempts,baseline_queued_s,baseline_execution_s,baseline_duration_s,baseline_match_strategy,security_found,security_pass,security_conclusion,security_run_id,security_run_attempts,security_queued_s,security_execution_s,security_duration_s,security_match_strategy,notes_metrics,ai_share_computed,ai_share_status,ai_share,confirmed_vulnerabilities,confirmed_high_critical,gate_caught_count,gate_missed_count,gate_detection_rate,duration_overhead_s,baseline_would_merge,gate_blocked_pr,vulnerable_pr,vulnerable_pr_blocked_by_gate,vulnerable_pr_passed_gate
task-1-high-ai,T1,1,high-ai,1,True,,D:\FHTW\MSC\Masterarbeit\POC\thesis-project\results\task-1-high-ai,D:\FHTW\MSC\Masterarbeit\POC\thesis-project\results\task-1-high-ai\artifacts,D:\FHTW\MSC\Masterarbeit\POC\thesis-project\results\task-1-high-ai\final.diff,,D:\FHTW\MSC\Masterarbeit\POC\thesis-project\results\task-1-high-ai\artifacts\java.sarif,D:\FHTW\MSC\Masterarbeit\POC\thesis-project\results\task-1-high-ai\artifacts\semgrep-results.json,D:\FHTW\MSC\Masterarbeit\POC\thesis-project\results\task-1-high-ai\artifacts\semgrep-results.sarif,D:\FHTW\MSC\Masterarbeit\POC\thesis-project\results\task-1-high-ai\artifacts\spotbugs.xml,D:\FHTW\MSC\Masterarbeit\POC\thesis-project\results\task-1-high-ai\artifacts\gitleaks-results.sarif,D:\FHTW\MSC\Masterarbeit\POC\thesis-project\results\task-1-high-ai\artifacts\gitleaks-output.txt,,D:\FHTW\MSC\Masterarbeit\POC\thesis-project\results\task-1-high-ai\artifacts\com.thesis.securitystudy.SecurityStudyApplicationTests.txt,D:\FHTW\MSC\Masterarbeit\POC\thesis-project\results\task-1-high-ai\artifacts\TEST-com.thesis.securitystudy.SecurityStudyApplicationTests.xml,24,cd82e6be9a93a4af49dd6819948d465e6982a687,9585a7081d7ec4f4658b322a82b2c67c48cb1643,9585a7081d7ec4f4658b322a82b2c67c48cb1643,,24,T1,high-ai,1,True,Final: Task-1-High-AI,200,11,6,True,True,success,23857887833,1,0.0,64.0,64.0,head_sha,True,True,success,23857887826,1,0.0,1178.0,1178.0,head_sha,,1.0,ok,1.0,0,0,0,0,,1114.0,True,False,False,False,False
task-1-human-only-v2,T1,1,human-only,2,True,task-1-human-only,D:\FHTW\MSC\Masterarbeit\POC\thesis-project\results\task-1-human-only-v2,D:\FHTW\MSC\Masterarbeit\POC\thesis-project\results\task-1-human-only-v2\artifacts,D:\FHTW\MSC\Masterarbeit\POC\thesis-project\results\task-1-human-only-v2\final.diff,,D:\FHTW\MSC\Masterarbeit\POC\thesis-project\results\task-1-human-only-v2\artifacts\java.sarif,D:\FHTW\MSC\Masterarbeit\POC\thesis-project\results\task-1-human-only-v2\artifacts\semgrep-results.json,D:\FHTW\MSC\Masterarbeit\POC\thesis-project\results\task-1-human-only-v2\artifacts\semgrep-results.sarif,D:\FHTW\MSC\Masterarbeit\POC\thesis-project\results\task-1-human-only-v2\artifacts\spotbugs.xml,D:\FHTW\MSC\Masterarbeit\POC\thesis-project\results\task-1-human-only-v2\artifacts\gitleaks-results.sarif,D:\FHTW\MSC\Masterarbeit\POC\thesis-project\results\task-1-human-only-v2\artifacts\gitleaks-output.txt,,D:\FHTW\MSC\Masterarbeit\POC\thesis-project\results\task-1-human-only-v2\artifacts\com.thesis.securitystudy.SecurityStudyApplicationTests.txt,D:\FHTW\MSC\Masterarbeit\POC\thesis-project\results\task-1-human-only-v2\artifacts\TEST-com.thesis.securitystudy.SecurityStudyApplicationTests.xml,37,cd82e6be9a93a4af49dd6819948d465e6982a687,,3e276887f02ffed3b27db4cd96ae5c2aa0e8120a,,37,T1,human-only,2,True,Final: task-1-human-only-v2,291,27,6,True,True,success,23957627037,1,0.0,65.0,65.0,head_sha,True,False,failure,23957626983,1,0.0,240.0,240.0,head_sha,,0.0,ok,0.0,0,0,0,0,,175.0,True,True,False,False,False
task-1-low-ai,T1,1,low-ai,1,True,,D:\FHTW\MSC\Masterarbeit\POC\thesis-project\results\task-1-low-ai,D:\FHTW\MSC\Masterarbeit\POC\thesis-project\results\task-1-low-ai\artifacts,D:\FHTW\MSC\Masterarbeit\POC\thesis-project\results\task-1-low-ai\final.diff,,D:\FHTW\MSC\Masterarbeit\POC\thesis-project\results\task-1-low-ai\artifacts\java.sarif,D:\FHTW\MSC\Masterarbeit\POC\thesis-project\results\task-1-low-ai\artifacts\semgrep-results.json,D:\FHTW\MSC\Masterarbeit\POC\thesis-project\results\task-1-low-ai\artifacts\semgrep-results.sarif,D:\FHTW\MSC\Masterarbeit\POC\thesis-project\results\task-1-low-ai\artifacts\spotbugs.xml,D:\FHTW\MSC\Masterarbeit\POC\thesis-project\results\task-1-low-ai\artifacts\gitleaks-results.sarif,D:\FHTW\MSC\Masterarbeit\POC\thesis-project\results\task-1-low-ai\artifacts\gitleaks-output.txt,,D:\FHTW\MSC\Masterarbeit\POC\thesis-project\results\task-1-low-ai\artifacts\com.thesis.securitystudy.SecurityStudyApplicationTests.txt,D:\FHTW\MSC\Masterarbeit\POC\thesis-project\results\task-1-low-ai\artifacts\TEST-com.thesis.securitystudy.SecurityStudyApplicationTests.xml,32,cd82e6be9a93a4af49dd6819948d465e6982a687,49a4246f46423080c2194a97666fd335dc6b04fc,d77291fc378c6d01b19546578b8af6f629323162,,32,T1,low-ai,1,True,Task 1 low ai,221,9,5,True,True,success,23954934609,1,0.0,64.0,64.0,head_sha,True,False,failure,23954934634,1,0.0,236.0,236.0,head_sha,,0.5118,ok,0.5118,0,0,0,0,,172.0,True,True,False,False,False
task-2-high-ai,T2,2,high-ai,1,True,,D:\FHTW\MSC\Masterarbeit\POC\thesis-project\results\task-2-high-ai,D:\FHTW\MSC\Masterarbeit\POC\thesis-project\results\task-2-high-ai\artifacts,D:\FHTW\MSC\Masterarbeit\POC\thesis-project\results\task-2-high-ai\final.diff,,D:\FHTW\MSC\Masterarbeit\POC\thesis-project\results\task-2-high-ai\artifacts\java.sarif,D:\FHTW\MSC\Masterarbeit\POC\thesis-project\results\task-2-high-ai\artifacts\semgrep-results.json,D:\FHTW\MSC\Masterarbeit\POC\thesis-project\results\task-2-high-ai\artifacts\semgrep-results.sarif,D:\FHTW\MSC\Masterarbeit\POC\thesis-project\results\task-2-high-ai\artifacts\spotbugs.xml,D:\FHTW\MSC\Masterarbeit\POC\thesis-project\results\task-2-high-ai\artifacts\gitleaks-results.sarif,D:\FHTW\MSC\Masterarbeit\POC\thesis-project\results\task-2-high-ai\artifacts\gitleaks-output.txt,,D:\FHTW\MSC\Masterarbeit\POC\thesis-project\results\task-2-high-ai\artifacts\com.thesis.securitystudy.SecurityStudyApplicationTests.txt,D:\FHTW\MSC\Masterarbeit\POC\thesis-project\results\task-2-high-ai\artifacts\TEST-com.thesis.securitystudy.SecurityStudyApplicationTests.xml,21,cd82e6be9a93a4af49dd6819948d465e6982a687,028db390b37f4fd1d39d8451eccadac4023c24f7,028db390b37f4fd1d39d8451eccadac4023c24f7,,21,T2,high-ai,1,True,Final Snapshot: task-2-high-ai,187,0,5,True,True,success,23816771093,1,0.0,73.0,73.0,head_sha,True,True,success,23816771083,1,0.0,247.0,247.0,head_sha,,1.0,ok,1.0,0,0,0,0,,174.0,True,False,False,False,False
task-2-human-only,T2,2,human-only,1,True,,D:\FHTW\MSC\Masterarbeit\POC\thesis-project\results\task-2-human-only,D:\FHTW\MSC\Masterarbeit\POC\thesis-project\results\task-2-human-only\artifacts,D:\FHTW\MSC\Masterarbeit\POC\thesis-project\results\task-2-human-only\final.diff,,D:\FHTW\MSC\Masterarbeit\POC\thesis-project\results\task-2-human-only\artifacts\java.sarif,D:\FHTW\MSC\Masterarbeit\POC\thesis-project\results\task-2-human-only\artifacts\semgrep-results.json,D:\FHTW\MSC\Masterarbeit\POC\thesis-project\results\task-2-human-only\artifacts\semgrep-results.sarif,D:\FHTW\MSC\Masterarbeit\POC\thesis-project\results\task-2-human-only\artifacts\spotbugs.xml,D:\FHTW\MSC\Masterarbeit\POC\thesis-project\results\task-2-human-only\artifacts\gitleaks-results.sarif,D:\FHTW\MSC\Masterarbeit\POC\thesis-project\results\task-2-human-only\artifacts\gitleaks-output.txt,,D:\FHTW\MSC\Masterarbeit\POC\thesis-project\results\task-2-human-only\artifacts\com.thesis.securitystudy.SecurityStudyApplicationTests.txt,D:\FHTW\MSC\Masterarbeit\POC\thesis-project\results\task-2-human-only\artifacts\TEST-com.thesis.securitystudy.SecurityStudyApplicationTests.xml,29,cd82e6be9a93a4af49dd6819948d465e6982a687,,b3c916d13b501bf7c6a39ee016848f5b541ab2d4,,29,T2,human-only,1,True,Final: task-2-human-only,154,0,3,True,True,success,23948433340,1,0.0,63.0,63.0,head_sha,True,True,success,23948433339,1,0.0,230.0,230.0,head_sha,,0.0,ok,0.0,0,0,0,0,,167.0,True,False,False,False,False
task-2-low-ai,T2,2,low-ai,1,True,,D:\FHTW\MSC\Masterarbeit\POC\thesis-project\results\task-2-low-ai,D:\FHTW\MSC\Masterarbeit\POC\thesis-project\results\task-2-low-ai\artifacts,D:\FHTW\MSC\Masterarbeit\POC\thesis-project\results\task-2-low-ai\final.diff,,D:\FHTW\MSC\Masterarbeit\POC\thesis-project\results\task-2-low-ai\artifacts\java.sarif,D:\FHTW\MSC\Masterarbeit\POC\thesis-project\results\task-2-low-ai\artifacts\semgrep-results.json,D:\FHTW\MSC\Masterarbeit\POC\thesis-project\results\task-2-low-ai\artifacts\semgrep-results.sarif,D:\FHTW\MSC\Masterarbeit\POC\thesis-project\results\task-2-low-ai\artifacts\spotbugs.xml,D:\FHTW\MSC\Masterarbeit\POC\thesis-project\results\task-2-low-ai\artifacts\gitleaks-results.sarif,D:\FHTW\MSC\Masterarbeit\POC\thesis-project\results\task-2-low-ai\artifacts\gitleaks-output.txt,,D:\FHTW\MSC\Masterarbeit\POC\thesis-project\results\task-2-low-ai\artifacts\com.thesis.securitystudy.SecurityStudyApplicationTests.txt,D:\FHTW\MSC\Masterarbeit\POC\thesis-project\results\task-2-low-ai\artifacts\TEST-com.thesis.securitystudy.SecurityStudyApplicationTests.xml,36,cd82e6be9a93a4af49dd6819948d465e6982a687,d7080c9769def4a065bbace7fbc5256a4be59a7d,854c25b1a45034d915d753bdb58ac7cdb98f274f,,36,T2,low-ai,1,True,Task 2 low ai,183,0,3,True,True,success,23957272456,1,0.0,74.0,74.0,head_sha,True,False,failure,23957272451,1,0.0,247.0,247.0,head_sha,,0.6392,ok,0.6392,0,0,0,0,,173.0,True,True,False,False,False
task-3-high-ai,T3,3,high-ai,1,True,,D:\FHTW\MSC\Masterarbeit\POC\thesis-project\results\task-3-high-ai,D:\FHTW\MSC\Masterarbeit\POC\thesis-project\results\task-3-high-ai\artifacts,D:\FHTW\MSC\Masterarbeit\POC\thesis-project\results\task-3-high-ai\final.diff,,D:\FHTW\MSC\Masterarbeit\POC\thesis-project\results\task-3-high-ai\artifacts\java.sarif,D:\FHTW\MSC\Masterarbeit\POC\thesis-project\results\task-3-high-ai\artifacts\semgrep-results.json,D:\FHTW\MSC\Masterarbeit\POC\thesis-project\results\task-3-high-ai\artifacts\semgrep-results.sarif,D:\FHTW\MSC\Masterarbeit\POC\thesis-project\results\task-3-high-ai\artifacts\spotbugs.xml,D:\FHTW\MSC\Masterarbeit\POC\thesis-project\results\task-3-high-ai\artifacts\gitleaks-results.sarif,D:\FHTW\MSC\Masterarbeit\POC\thesis-project\results\task-3-high-ai\artifacts\gitleaks-output.txt,,D:\FHTW\MSC\Masterarbeit\POC\thesis-project\results\task-3-high-ai\artifacts\com.thesis.securitystudy.SecurityStudyApplicationTests.txt,D:\FHTW\MSC\Masterarbeit\POC\thesis-project\results\task-3-high-ai\artifacts\TEST-com.thesis.securitystudy.SecurityStudyApplicationTests.xml,31,cd82e6be9a93a4af49dd6819948d465e6982a687,449f78915547568b5e4a86c61993a0973fa96196,449f78915547568b5e4a86c61993a0973fa96196,,31,T3,high-ai,1,True,AI Snapshot: Task-3-high-ai,325,0,3,True,True,success,23950992869,1,0.0,70.0,70.0,head_sha,True,False,failure,23950992858,1,0.0,246.0,246.0,head_sha,,1.0,ok,1.0,0,0,0,0,,176.0,True,True,False,False,False
task-3-human-only,T3,3,human-only,1,True,,D:\FHTW\MSC\Masterarbeit\POC\thesis-project\results\task-3-human-only,D:\FHTW\MSC\Masterarbeit\POC\thesis-project\results\task-3-human-only\artifacts,D:\FHTW\MSC\Masterarbeit\POC\thesis-project\results\task-3-human-only\final.diff,,D:\FHTW\MSC\Masterarbeit\POC\thesis-project\results\task-3-human-only\artifacts\java.sarif,D:\FHTW\MSC\Masterarbeit\POC\thesis-project\results\task-3-human-only\artifacts\semgrep-results.json,D:\FHTW\MSC\Masterarbeit\POC\thesis-project\results\task-3-human-only\artifacts\semgrep-results.sarif,D:\FHTW\MSC\Masterarbeit\POC\thesis-project\results\task-3-human-only\artifacts\spotbugs.xml,D:\FHTW\MSC\Masterarbeit\POC\thesis-project\results\task-3-human-only\artifacts\gitleaks-results.sarif,D:\FHTW\MSC\Masterarbeit\POC\thesis-project\results\task-3-human-only\artifacts\gitleaks-output.txt,,D:\FHTW\MSC\Masterarbeit\POC\thesis-project\results\task-3-human-only\artifacts\com.thesis.securitystudy.SecurityStudyApplicationTests.txt,D:\FHTW\MSC\Masterarbeit\POC\thesis-project\results\task-3-human-only\artifacts\TEST-com.thesis.securitystudy.SecurityStudyApplicationTests.xml,22,cd82e6be9a93a4af49dd6819948d465e6982a687,,a9ef7ba053bbe445b1144ad0a59170449f76f844,,22,T3,human-only,1,True,Final Snapshot: task-3-human-only,249,0,4,True,True,success,23851608539,1,0.0,78.0,78.0,head_sha,True,False,failure,23851608552,1,0.0,589.0,589.0,head_sha,,0.0,ok,0.0,0,0,0,0,,511.0,True,True,False,False,False
task-3-low-ai,T3,3,low-ai,1,True,,D:\FHTW\MSC\Masterarbeit\POC\thesis-project\results\task-3-low-ai,D:\FHTW\MSC\Masterarbeit\POC\thesis-project\results\task-3-low-ai\artifacts,D:\FHTW\MSC\Masterarbeit\POC\thesis-project\results\task-3-low-ai\final.diff,,D:\FHTW\MSC\Masterarbeit\POC\thesis-project\results\task-3-low-ai\artifacts\java.sarif,D:\FHTW\MSC\Masterarbeit\POC\thesis-project\results\task-3-low-ai\artifacts\semgrep-results.json,D:\FHTW\MSC\Masterarbeit\POC\thesis-project\results\task-3-low-ai\artifacts\semgrep-results.sarif,D:\FHTW\MSC\Masterarbeit\POC\thesis-project\results\task-3-low-ai\artifacts\spotbugs.xml,D:\FHTW\MSC\Masterarbeit\POC\thesis-project\results\task-3-low-ai\artifacts\gitleaks-results.sarif,D:\FHTW\MSC\Masterarbeit\POC\thesis-project\results\task-3-low-ai\artifacts\gitleaks-output.txt,,D:\FHTW\MSC\Masterarbeit\POC\thesis-project\results\task-3-low-ai\artifacts\com.thesis.securitystudy.SecurityStudyApplicationTests.txt,D:\FHTW\MSC\Masterarbeit\POC\thesis-project\results\task-3-low-ai\artifacts\TEST-com.thesis.securitystudy.SecurityStudyApplicationTests.xml,26,cd82e6be9a93a4af49dd6819948d465e6982a687,3a62cd0d1780856e68ac8c9484c5bb5fe84427ab,d91c369a3080c094146d587f9032c1813a4b00a2,,26,T3,low-ai,1,True,Task 3 low ai,265,0,4,True,True,success,23910303097,1,0.0,65.0,65.0,head_sha,True,False,failure,23910303099,1,0.0,507.0,507.0,head_sha,,0.3311,ok,0.3311,0,0,0,0,,442.0,True,True,False,False,False
task-4-high-ai,T4,4,high-ai,1,True,,D:\FHTW\MSC\Masterarbeit\POC\thesis-project\results\task-4-high-ai,D:\FHTW\MSC\Masterarbeit\POC\thesis-project\results\task-4-high-ai\artifacts,D:\FHTW\MSC\Masterarbeit\POC\thesis-project\results\task-4-high-ai\final.diff,,D:\FHTW\MSC\Masterarbeit\POC\thesis-project\results\task-4-high-ai\artifacts\java.sarif,D:\FHTW\MSC\Masterarbeit\POC\thesis-project\results\task-4-high-ai\artifacts\semgrep-results.json,D:\FHTW\MSC\Masterarbeit\POC\thesis-project\results\task-4-high-ai\artifacts\semgrep-results.sarif,D:\FHTW\MSC\Masterarbeit\POC\thesis-project\results\task-4-high-ai\artifacts\spotbugs.xml,D:\FHTW\MSC\Masterarbeit\POC\thesis-project\results\task-4-high-ai\artifacts\gitleaks-results.sarif,D:\FHTW\MSC\Masterarbeit\POC\thesis-project\results\task-4-high-ai\artifacts\gitleaks-output.txt,,D:\FHTW\MSC\Masterarbeit\POC\thesis-project\results\task-4-high-ai\artifacts\com.thesis.securitystudy.SecurityStudyApplicationTests.txt,D:\FHTW\MSC\Masterarbeit\POC\thesis-project\results\task-4-high-ai\artifacts\TEST-com.thesis.securitystudy.SecurityStudyApplicationTests.xml,28,cd82e6be9a93a4af49dd6819948d465e6982a687,b71cce99cb0f38184f07ab4d62f5798c94458a4b,b71cce99cb0f38184f07ab4d62f5798c94458a4b,,28,T4,high-ai,1,True,AI Snapshot: task-4-high-ai,182,0,4,True,True,success,23911584231,1,0.0,78.0,78.0,head_sha,True,True,success,23911584253,1,0.0,388.0,388.0,head_sha,,1.0,ok,1.0,0,0,0,0,,310.0,True,False,False,False,False
task-4-human-only,T4,4,human-only,1,True,,D:\FHTW\MSC\Masterarbeit\POC\thesis-project\results\task-4-human-only,D:\FHTW\MSC\Masterarbeit\POC\thesis-project\results\task-4-human-only\artifacts,D:\FHTW\MSC\Masterarbeit\POC\thesis-project\results\task-4-human-only\final.diff,,D:\FHTW\MSC\Masterarbeit\POC\thesis-project\results\task-4-human-only\artifacts\java.sarif,D:\FHTW\MSC\Masterarbeit\POC\thesis-project\results\task-4-human-only\artifacts\semgrep-results.json,D:\FHTW\MSC\Masterarbeit\POC\thesis-project\results\task-4-human-only\artifacts\semgrep-results.sarif,D:\FHTW\MSC\Masterarbeit\POC\thesis-project\results\task-4-human-only\artifacts\spotbugs.xml,D:\FHTW\MSC\Masterarbeit\POC\thesis-project\results\task-4-human-only\artifacts\gitleaks-results.sarif,D:\FHTW\MSC\Masterarbeit\POC\thesis-project\results\task-4-human-only\artifacts\gitleaks-output.txt,,D:\FHTW\MSC\Masterarbeit\POC\thesis-project\results\task-4-human-only\artifacts\com.thesis.securitystudy.SecurityStudyApplicationTests.txt,D:\FHTW\MSC\Masterarbeit\POC\thesis-project\results\task-4-human-only\artifacts\TEST-com.thesis.securitystudy.SecurityStudyApplicationTests.xml,33,cd82e6be9a93a4af49dd6819948d465e6982a687,,012232e42dc03c217bf36638d3fa52b6734c98dc,,33,T4,human-only,1,True,Final: task-4-human-only,208,1,4,True,True,success,23955332664,1,0.0,83.0,83.0,head_sha,True,False,failure,23955332643,1,0.0,238.0,238.0,head_sha,,0.0,ok,0.0,0,0,0,0,,155.0,True,True,False,False,False
task-4-low-ai,T4,4,low-ai,1,True,,D:\FHTW\MSC\Masterarbeit\POC\thesis-project\results\task-4-low-ai,D:\FHTW\MSC\Masterarbeit\POC\thesis-project\results\task-4-low-ai\artifacts,D:\FHTW\MSC\Masterarbeit\POC\thesis-project\results\task-4-low-ai\final.diff,,D:\FHTW\MSC\Masterarbeit\POC\thesis-project\results\task-4-low-ai\artifacts\java.sarif,D:\FHTW\MSC\Masterarbeit\POC\thesis-project\results\task-4-low-ai\artifacts\semgrep-results.json,D:\FHTW\MSC\Masterarbeit\POC\thesis-project\results\task-4-low-ai\artifacts\semgrep-results.sarif,D:\FHTW\MSC\Masterarbeit\POC\thesis-project\results\task-4-low-ai\artifacts\spotbugs.xml,D:\FHTW\MSC\Masterarbeit\POC\thesis-project\results\task-4-low-ai\artifacts\gitleaks-results.sarif,D:\FHTW\MSC\Masterarbeit\POC\thesis-project\results\task-4-low-ai\artifacts\gitleaks-output.txt,,D:\FHTW\MSC\Masterarbeit\POC\thesis-project\results\task-4-low-ai\artifacts\com.thesis.securitystudy.SecurityStudyApplicationTests.txt,D:\FHTW\MSC\Masterarbeit\POC\thesis-project\results\task-4-low-ai\artifacts\TEST-com.thesis.securitystudy.SecurityStudyApplicationTests.xml,30,cd82e6be9a93a4af49dd6819948d465e6982a687,fbfff7ff4b7ecb2f489c1dc0a27c0963b6c76530,80989dc0dbc650a31f71f8c93ec6220d6295faa1,,30,T4,low-ai,1,True,Task 4 low ai,184,1,4,True,True,success,23949539511,1,0.0,65.0,65.0,head_sha,True,False,failure,23949539535,1,0.0,241.0,241.0,head_sha,,0.4216,ok,0.4216,0,0,0,0,,176.0,True,True,False,False,False
task-5-high-ai,T5,5,high-ai,1,True,,D:\FHTW\MSC\Masterarbeit\POC\thesis-project\results\task-5-high-ai,D:\FHTW\MSC\Masterarbeit\POC\thesis-project\results\task-5-high-ai\artifacts,D:\FHTW\MSC\Masterarbeit\POC\thesis-project\results\task-5-high-ai\final.diff,,D:\FHTW\MSC\Masterarbeit\POC\thesis-project\results\task-5-high-ai\artifacts\java.sarif,D:\FHTW\MSC\Masterarbeit\POC\thesis-project\results\task-5-high-ai\artifacts\semgrep-results.json,D:\FHTW\MSC\Masterarbeit\POC\thesis-project\results\task-5-high-ai\artifacts\semgrep-results.sarif,D:\FHTW\MSC\Masterarbeit\POC\thesis-project\results\task-5-high-ai\artifacts\spotbugs.xml,D:\FHTW\MSC\Masterarbeit\POC\thesis-project\results\task-5-high-ai\artifacts\gitleaks-results.sarif,D:\FHTW\MSC\Masterarbeit\POC\thesis-project\results\task-5-high-ai\artifacts\gitleaks-output.txt,,D:\FHTW\MSC\Masterarbeit\POC\thesis-project\results\task-5-high-ai\artifacts\com.thesis.securitystudy.SecurityStudyApplicationTests.txt,D:\FHTW\MSC\Masterarbeit\POC\thesis-project\results\task-5-high-ai\artifacts\TEST-com.thesis.securitystudy.SecurityStudyApplicationTests.xml,18,cd82e6be9a93a4af49dd6819948d465e6982a687,f1aeb275d5e62a47a31cc69807c1105ec726ceda,f1aeb275d5e62a47a31cc69807c1105ec726ceda,,18,T5,high-ai,1,True,Final: task-5-high-ai,247,0,3,True,True,success,23765347008,1,0.0,67.0,67.0,head_sha,True,False,failure,23765347074,1,0.0,255.0,255.0,head_sha,,1.0,ok,1.0,0,0,0,0,,188.0,True,True,False,False,False
task-5-human-only,T5,5,human-only,1,True,,D:\FHTW\MSC\Masterarbeit\POC\thesis-project\results\task-5-human-only,D:\FHTW\MSC\Masterarbeit\POC\thesis-project\results\task-5-human-only\artifacts,D:\FHTW\MSC\Masterarbeit\POC\thesis-project\results\task-5-human-only\final.diff,,D:\FHTW\MSC\Masterarbeit\POC\thesis-project\results\task-5-human-only\artifacts\java.sarif,D:\FHTW\MSC\Masterarbeit\POC\thesis-project\results\task-5-human-only\artifacts\semgrep-results.json,D:\FHTW\MSC\Masterarbeit\POC\thesis-project\results\task-5-human-only\artifacts\semgrep-results.sarif,D:\FHTW\MSC\Masterarbeit\POC\thesis-project\results\task-5-human-only\artifacts\spotbugs.xml,D:\FHTW\MSC\Masterarbeit\POC\thesis-project\results\task-5-human-only\artifacts\gitleaks-results.sarif,D:\FHTW\MSC\Masterarbeit\POC\thesis-project\results\task-5-human-only\artifacts\gitleaks-output.txt,,D:\FHTW\MSC\Masterarbeit\POC\thesis-project\results\task-5-human-only\artifacts\com.thesis.securitystudy.SecurityStudyApplicationTests.txt,D:\FHTW\MSC\Masterarbeit\POC\thesis-project\results\task-5-human-only\artifacts\TEST-com.thesis.securitystudy.SecurityStudyApplicationTests.xml,25,cd82e6be9a93a4af49dd6819948d465e6982a687,,4716ba8e7ecfedc5627d3fbd13135761f6ad972d,,25,T5,human-only,1,True,Task 5 human only,287,0,3,True,True,success,23908058974,1,0.0,63.0,63.0,head_sha,True,False,failure,23908058947,1,0.0,276.0,276.0,head_sha,,0.0,ok,0.0,0,0,0,0,,213.0,True,True,False,False,False
task-5-low-ai,T5,5,low-ai,1,True,,D:\FHTW\MSC\Masterarbeit\POC\thesis-project\results\task-5-low-ai,D:\FHTW\MSC\Masterarbeit\POC\thesis-project\results\task-5-low-ai\artifacts,D:\FHTW\MSC\Masterarbeit\POC\thesis-project\results\task-5-low-ai\final.diff,,D:\FHTW\MSC\Masterarbeit\POC\thesis-project\results\task-5-low-ai\artifacts\java.sarif,D:\FHTW\MSC\Masterarbeit\POC\thesis-project\results\task-5-low-ai\artifacts\semgrep-results.json,D:\FHTW\MSC\Masterarbeit\POC\thesis-project\results\task-5-low-ai\artifacts\semgrep-results.sarif,D:\FHTW\MSC\Masterarbeit\POC\thesis-project\results\task-5-low-ai\artifacts\spotbugs.xml,D:\FHTW\MSC\Masterarbeit\POC\thesis-project\results\task-5-low-ai\artifacts\gitleaks-results.sarif,D:\FHTW\MSC\Masterarbeit\POC\thesis-project\results\task-5-low-ai\artifacts\gitleaks-output.txt,,D:\FHTW\MSC\Masterarbeit\POC\thesis-project\results\task-5-low-ai\artifacts\com.thesis.securitystudy.SecurityStudyApplicationTests.txt,D:\FHTW\MSC\Masterarbeit\POC\thesis-project\results\task-5-low-ai\artifacts\TEST-com.thesis.securitystudy.SecurityStudyApplicationTests.xml,23,cd82e6be9a93a4af49dd6819948d465e6982a687,ee4d46f833dca4a6cac4022ea62e0afd0579ef38,1c6b766aa766917ac6107a3a8b92e1b0d9a9b8b5,,23,T5,low-ai,1,True,Task 5 low ai,286,0,3,True,True,success,23854643254,1,0.0,77.0,77.0,head_sha,True,False,failure,23854643168,1,0.0,3132.0,3132.0,head_sha,,0.2788,ok,0.2788,0,0,0,0,,3055.0,True,True,False,False,False
task-6-high-ai,T6,6,high-ai,1,True,,D:\FHTW\MSC\Masterarbeit\POC\thesis-project\results\task-6-high-ai,D:\FHTW\MSC\Masterarbeit\POC\thesis-project\results\task-6-high-ai\artifacts,D:\FHTW\MSC\Masterarbeit\POC\thesis-project\results\task-6-high-ai\final.diff,,D:\FHTW\MSC\Masterarbeit\POC\thesis-project\results\task-6-high-ai\artifacts\java.sarif,D:\FHTW\MSC\Masterarbeit\POC\thesis-project\results\task-6-high-ai\artifacts\semgrep-results.json,D:\FHTW\MSC\Masterarbeit\POC\thesis-project\results\task-6-high-ai\artifacts\semgrep-results.sarif,D:\FHTW\MSC\Masterarbeit\POC\thesis-project\results\task-6-high-ai\artifacts\spotbugs.xml,D:\FHTW\MSC\Masterarbeit\POC\thesis-project\results\task-6-high-ai\artifacts\gitleaks-results.sarif,D:\FHTW\MSC\Masterarbeit\POC\thesis-project\results\task-6-high-ai\artifacts\gitleaks-output.txt,,D:\FHTW\MSC\Masterarbeit\POC\thesis-project\results\task-6-high-ai\artifacts\com.thesis.securitystudy.SecurityStudyApplicationTests.txt,D:\FHTW\MSC\Masterarbeit\POC\thesis-project\results\task-6-high-ai\artifacts\TEST-com.thesis.securitystudy.SecurityStudyApplicationTests.xml,27,cd82e6be9a93a4af49dd6819948d465e6982a687,9dd9ba01b29d8b5cb1bcfceed881b78b9d7e3ed6,9dd9ba01b29d8b5cb1bcfceed881b78b9d7e3ed6,,27,T6,high-ai,1,True,AI snapshot: Audit Logging,200,13,3,True,True,success,23910792685,1,0.0,64.0,64.0,head_sha,True,False,failure,23910792632,1,0.0,1069.0,1069.0,head_sha,,1.0,ok,1.0,0,0,0,0,,1005.0,True,True,False,False,False
task-6-human-only,T6,6,human-only,1,True,,D:\FHTW\MSC\Masterarbeit\POC\thesis-project\results\task-6-human-only,D:\FHTW\MSC\Masterarbeit\POC\thesis-project\results\task-6-human-only\artifacts,D:\FHTW\MSC\Masterarbeit\POC\thesis-project\results\task-6-human-only\final.diff,,D:\FHTW\MSC\Masterarbeit\POC\thesis-project\results\task-6-human-only\artifacts\java.sarif,D:\FHTW\MSC\Masterarbeit\POC\thesis-project\results\task-6-human-only\artifacts\semgrep-results.json,D:\FHTW\MSC\Masterarbeit\POC\thesis-project\results\task-6-human-only\artifacts\semgrep-results.sarif,D:\FHTW\MSC\Masterarbeit\POC\thesis-project\results\task-6-human-only\artifacts\spotbugs.xml,D:\FHTW\MSC\Masterarbeit\POC\thesis-project\results\task-6-human-only\artifacts\gitleaks-results.sarif,D:\FHTW\MSC\Masterarbeit\POC\thesis-project\results\task-6-human-only\artifacts\gitleaks-output.txt,,D:\FHTW\MSC\Masterarbeit\POC\thesis-project\results\task-6-human-only\artifacts\com.thesis.securitystudy.SecurityStudyApplicationTests.txt,D:\FHTW\MSC\Masterarbeit\POC\thesis-project\results\task-6-human-only\artifacts\TEST-com.thesis.securitystudy.SecurityStudyApplicationTests.xml,35,cd82e6be9a93a4af49dd6819948d465e6982a687,,18144836f39d77ee9cd22d428f00e4f95194af01,,35,T6,human-only,1,True,Final: task-6-human-only,163,6,3,True,True,success,23956103670,1,0.0,67.0,67.0,head_sha,True,True,success,23956103662,1,0.0,240.0,240.0,head_sha,,0.0,ok,0.0,0,0,0,0,,173.0,True,False,False,False,False
task-6-low-ai,T6,6,low-ai,1,True,,D:\FHTW\MSC\Masterarbeit\POC\thesis-project\results\task-6-low-ai,D:\FHTW\MSC\Masterarbeit\POC\thesis-project\results\task-6-low-ai\artifacts,D:\FHTW\MSC\Masterarbeit\POC\thesis-project\results\task-6-low-ai\final.diff,,D:\FHTW\MSC\Masterarbeit\POC\thesis-project\results\task-6-low-ai\artifacts\java.sarif,D:\FHTW\MSC\Masterarbeit\POC\thesis-project\results\task-6-low-ai\artifacts\semgrep-results.json,D:\FHTW\MSC\Masterarbeit\POC\thesis-project\results\task-6-low-ai\artifacts\semgrep-results.sarif,D:\FHTW\MSC\Masterarbeit\POC\thesis-project\results\task-6-low-ai\artifacts\spotbugs.xml,D:\FHTW\MSC\Masterarbeit\POC\thesis-project\results\task-6-low-ai\artifacts\gitleaks-results.sarif,D:\FHTW\MSC\Masterarbeit\POC\thesis-project\results\task-6-low-ai\artifacts\gitleaks-output.txt,,D:\FHTW\MSC\Masterarbeit\POC\thesis-project\results\task-6-low-ai\artifacts\com.thesis.securitystudy.SecurityStudyApplicationTests.txt,D:\FHTW\MSC\Masterarbeit\POC\thesis-project\results\task-6-low-ai\artifacts\TEST-com.thesis.securitystudy.SecurityStudyApplicationTests.xml,20,cd82e6be9a93a4af49dd6819948d465e6982a687,8ff644449643394d2e70b92f39376b95905e6b5f,107d6746c890313c40913ae755a2b2b7a71cceac,,20,T6,low-ai,1,True,Task 6 low ai,205,13,4,True,True,success,23816037926,1,0.0,75.0,75.0,head_sha,True,False,failure,23816037934,1,0.0,266.0,266.0,head_sha,,0.5874,ok,0.5874,0,0,0,0,,191.0,True,True,False,False,False
